Skill,Course Title,YouTube URL
Node.js,Node.js Full Course for Beginners,https://www.youtube.com/results?search_query=Node.js+full+course
JavaScript,JavaScript Full Course for Beginners,https://www.youtube.com/results?search_query=JavaScript+full+course
RESTful APIs,RESTful APIs Full Course for Beginners,https://www.youtube.com/results?search_query=RESTful+APIs+full+course
Express.js,Express.js Full Course for Beginners,https://www.youtube.com/results?search_query=Express.js+full+course
MongoDB,MongoDB Full Course for Beginners,https://www.youtube.com/results?search_query=MongoDB+full+course
MySQL,MySQL Full Course for Beginners,https://www.youtube.com/results?search_query=MySQL+full+course
PostgreSQL,PostgreSQL Full Course for Beginners,https://www.youtube.com/results?search_query=PostgreSQL+full+course
Git,Git Full Course for Beginners,https://www.youtube.com/results?search_query=Git+full+course
Docker,Docker Full Course for Beginners,https://www.youtube.com/results?search_query=Docker+full+course
JWT,JWT Full Course for Beginners,https://www.youtube.com/results?search_query=JWT+full+course
OAuth,OAuth Full Course for Beginners,https://www.youtube.com/results?search_query=OAuth+full+course
AWS,AWS Full Course for Beginners,https://www.youtube.com/results?search_query=AWS+full+course
CI/CD,CI/CD Full Course for Beginners,https://www.youtube.com/results?search_query=CI/CD+full+course
PHP,PHP Full Course for Beginners,https://www.youtube.com/results?search_query=PHP+full+course
Laravel,Laravel Full Course for Beginners,https://www.youtube.com/results?search_query=Laravel+full+course
MySQL,MySQL Full Course for Beginners,https://www.youtube.com/results?search_query=MySQL+full+course
RESTful APIs,RESTful APIs Full Course for Beginners,https://www.youtube.com/results?search_query=RESTful+APIs+full+course
Composer,Composer Full Course for Beginners,https://www.youtube.com/results?search_query=Composer+full+course
Git,Git Full Course for Beginners,https://www.youtube.com/results?search_query=Git+full+course
Apache,Apache Full Course for Beginners,https://www.youtube.com/results?search_query=Apache+full+course
Nginx,Nginx Full Course for Beginners,https://www.youtube.com/results?search_query=Nginx+full+course
Docker,Docker Full Course for Beginners,https://www.youtube.com/results?search_query=Docker+full+course
AWS,AWS Full Course for Beginners,https://www.youtube.com/results?search_query=AWS+full+course
C#,C# Full Course for Beginners,https://www.youtube.com/results?search_query=C#+full+course
.NET Core,.NET Core Full Course for Beginners,https://www.youtube.com/results?search_query=.NET+Core+full+course
ASP.NET,ASP.NET Full Course for Beginners,https://www.youtube.com/results?search_query=ASP.NET+full+course
SQL Server,SQL Server Full Course for Beginners,https://www.youtube.com/results?search_query=SQL+Server+full+course
RESTful APIs,RESTful APIs Full Course for Beginners,https://www.youtube.com/results?search_query=RESTful+APIs+full+course
Entity Framework,Entity Framework Full Course for Beginners,https://www.youtube.com/results?search_query=Entity+Framework+full+course
Azure,Azure Full Course for Beginners,https://www.youtube.com/results?search_query=Azure+full+course
Git,Git Full Course for Beginners,https://www.youtube.com/results?search_query=Git+full+course
Docker,Docker Full Course for Beginners,https://www.youtube.com/results?search_query=Docker+full+course
Rust,Rust Full Course for Beginners,https://www.youtube.com/results?search_query=Rust+full+course
Systems Programming,Systems Programming Full Course for Beginners,https://www.youtube.com/results?search_query=Systems+Programming+full+course
Concurrency,Concurrency Full Course for Beginners,https://www.youtube.com/results?search_query=Concurrency+full+course
WebAssembly,WebAssembly Full Course for Beginners,https://www.youtube.com/results?search_query=WebAssembly+full+course
Linux,Linux Full Course for Beginners,https://www.youtube.com/results?search_query=Linux+full+course
Git,Git Full Course for Beginners,https://www.youtube.com/results?search_query=Git+full+course
Bun,Bun Full Course for Beginners,https://www.youtube.com/results?search_query=Bun+full+course
JavaScript,JavaScript Full Course for Beginners,https://www.youtube.com/results?search_query=JavaScript+full+course
Node.js,Node.js Full Course for Beginners,https://www.youtube.com/results?search_query=Node.js+full+course
Web Development,Web Development Full Course for Beginners,https://www.youtube.com/results?search_query=Web+Development+full+course
TypeScript,TypeScript Full Course for Beginners,https://www.youtube.com/results?search_query=TypeScript+full+course
HTML5,HTML5 Full Course for Beginners,https://www.youtube.com/results?search_query=HTML5+full+course
CSS3,CSS3 Full Course for Beginners,https://www.youtube.com/results?search_query=CSS3+full+course
JavaScript,JavaScript Full Course for Beginners,https://www.youtube.com/results?search_query=JavaScript+full+course
React,React Full Course for Beginners,https://www.youtube.com/results?search_query=React+full+course
Redux,Redux Full Course for Beginners,https://www.youtube.com/results?search_query=Redux+full+course
TypeScript,TypeScript Full Course for Beginners,https://www.youtube.com/results?search_query=TypeScript+full+course
Git,Git Full Course for Beginners,https://www.youtube.com/results?search_query=Git+full+course
AJAX,AJAX Full Course for Beginners,https://www.youtube.com/results?search_query=AJAX+full+course
SASS,SASS Full Course for Beginners,https://www.youtube.com/results?search_query=SASS+full+course
Bootstrap,Bootstrap Full Course for Beginners,https://www.youtube.com/results?search_query=Bootstrap+full+course
jQuery,jQuery Full Course for Beginners,https://www.youtube.com/results?search_query=jQuery+full+course
GitHub,GitHub Full Course for Beginners,https://www.youtube.com/results?search_query=GitHub+full+course
Material UI,Material UI Full Course for Beginners,https://www.youtube.com/results?search_query=Material+UI+full+course
Tailwind CSS,Tailwind CSS Full Course for Beginners,https://www.youtube.com/results?search_query=Tailwind+CSS+full+course
HTML5,HTML5 Full Course for Beginners,https://www.youtube.com/results?search_query=HTML5+full+course
CSS3,CSS3 Full Course for Beginners,https://www.youtube.com/results?search_query=CSS3+full+course
JavaScript,JavaScript Full Course for Beginners,https://www.youtube.com/results?search_query=JavaScript+full+course
Angular,Angular Full Course for Beginners,https://www.youtube.com/results?search_query=Angular+full+course
TypeScript,TypeScript Full Course for Beginners,https://www.youtube.com/results?search_query=TypeScript+full+course
RxJS,RxJS Full Course for Beginners,https://www.youtube.com/results?search_query=RxJS+full+course
Git,Git Full Course for Beginners,https://www.youtube.com/results?search_query=Git+full+course
AJAX,AJAX Full Course for Beginners,https://www.youtube.com/results?search_query=AJAX+full+course
SASS,SASS Full Course for Beginners,https://www.youtube.com/results?search_query=SASS+full+course
Bootstrap,Bootstrap Full Course for Beginners,https://www.youtube.com/results?search_query=Bootstrap+full+course
jQuery,jQuery Full Course for Beginners,https://www.youtube.com/results?search_query=jQuery+full+course
GitHub,GitHub Full Course for Beginners,https://www.youtube.com/results?search_query=GitHub+full+course
Angular Material,Angular Material Full Course for Beginners,https://www.youtube.com/results?search_query=Angular+Material+full+course
Tailwind CSS,Tailwind CSS Full Course for Beginners,https://www.youtube.com/results?search_query=Tailwind+CSS+full+course
NgRx,NgRx Full Course for Beginners,https://www.youtube.com/results?search_query=NgRx+full+course
RESTful APIs,RESTful APIs Full Course for Beginners,https://www.youtube.com/results?search_query=RESTful+APIs+full+course
Angular CLI,Angular CLI Full Course for Beginners,https://www.youtube.com/results?search_query=Angular+CLI+full+course
HTML5,HTML5 Full Course for Beginners,https://www.youtube.com/results?search_query=HTML5+full+course
CSS3,CSS3 Full Course for Beginners,https://www.youtube.com/results?search_query=CSS3+full+course
JavaScript,JavaScript Full Course for Beginners,https://www.youtube.com/results?search_query=JavaScript+full+course
Vue.js,Vue.js Full Course for Beginners,https://www.youtube.com/results?search_query=Vue.js+full+course
Vuex,Vuex Full Course for Beginners,https://www.youtube.com/results?search_query=Vuex+full+course
TypeScript,TypeScript Full Course for Beginners,https://www.youtube.com/results?search_query=TypeScript+full+course
Git,Git Full Course for Beginners,https://www.youtube.com/results?search_query=Git+full+course
AJAX,AJAX Full Course for Beginners,https://www.youtube.com/results?search_query=AJAX+full+course
SASS,SASS Full Course for Beginners,https://www.youtube.com/results?search_query=SASS+full+course
Bootstrap,Bootstrap Full Course for Beginners,https://www.youtube.com/results?search_query=Bootstrap+full+course
jQuery,jQuery Full Course for Beginners,https://www.youtube.com/results?search_query=jQuery+full+course
GitHub,GitHub Full Course for Beginners,https://www.youtube.com/results?search_query=GitHub+full+course
Vuetify,Vuetify Full Course for Beginners,https://www.youtube.com/results?search_query=Vuetify+full+course
Tailwind CSS,Tailwind CSS Full Course for Beginners,https://www.youtube.com/results?search_query=Tailwind+CSS+full+course
Vue Router,Vue Router Full Course for Beginners,https://www.youtube.com/results?search_query=Vue+Router+full+course
RESTful APIs,RESTful APIs Full Course for Beginners,https://www.youtube.com/results?search_query=RESTful+APIs+full+course
Vite,Vite Full Course for Beginners,https://www.youtube.com/results?search_query=Vite+full+course
JavaScript,JavaScript Full Course for Beginners,https://www.youtube.com/results?search_query=JavaScript+full+course
Node.js,Node.js Full Course for Beginners,https://www.youtube.com/results?search_query=Node.js+full+course
React,React Full Course for Beginners,https://www.youtube.com/results?search_query=React+full+course
MongoDB,MongoDB Full Course for Beginners,https://www.youtube.com/results?search_query=MongoDB+full+course
Express.js,Express.js Full Course for Beginners,https://www.youtube.com/results?search_query=Express.js+full+course
CSS3,CSS3 Full Course for Beginners,https://www.youtube.com/results?search_query=CSS3+full+course
HTML5,HTML5 Full Course for Beginners,https://www.youtube.com/results?search_query=HTML5+full+course
Git,Git Full Course for Beginners,https://www.youtube.com/results?search_query=Git+full+course
JavaScript,JavaScript Full Course for Beginners,https://www.youtube.com/results?search_query=JavaScript+full+course
Node.js,Node.js Full Course for Beginners,https://www.youtube.com/results?search_query=Node.js+full+course
React,React Full Course for Beginners,https://www.youtube.com/results?search_query=React+full+course
MongoDB,MongoDB Full Course for Beginners,https://www.youtube.com/results?search_query=MongoDB+full+course
Express.js,Express.js Full Course for Beginners,https://www.youtube.com/results?search_query=Express.js+full+course
CSS3,CSS3 Full Course for Beginners,https://www.youtube.com/results?search_query=CSS3+full+course
HTML5,HTML5 Full Course for Beginners,https://www.youtube.com/results?search_query=HTML5+full+course
Git,Git Full Course for Beginners,https://www.youtube.com/results?search_query=Git+full+course
C++,C++ Full Course for Beginners,https://www.youtube.com/results?search_query=C+++full+course
Java,Java Full Course for Beginners,https://www.youtube.com/results?search_query=Java+full+course
Python,Python Full Course for Beginners,https://www.youtube.com/results?search_query=Python+full+course
Software Design,Software Design Full Course for Beginners,https://www.youtube.com/results?search_query=Software+Design+full+course
Algorithms,Algorithms Full Course for Beginners,https://www.youtube.com/results?search_query=Algorithms+full+course
Data Structures,Data Structures Full Course for Beginners,https://www.youtube.com/results?search_query=Data+Structures+full+course
Python,Python Full Course for Beginners,https://www.youtube.com/results?search_query=Python+full+course
R,R Full Course for Beginners,https://www.youtube.com/results?search_query=R+full+course
SQL,SQL Full Course for Beginners,https://www.youtube.com/results?search_query=SQL+full+course
Machine Learning,Machine Learning Full Course for Beginners,https://www.youtube.com/results?search_query=Machine+Learning+full+course
Data Analysis,Data Analysis Full Course for Beginners,https://www.youtube.com/results?search_query=Data+Analysis+full+course
TensorFlow,TensorFlow Full Course for Beginners,https://www.youtube.com/results?search_query=TensorFlow+full+course
Pandas,Pandas Full Course for Beginners,https://www.youtube.com/results?search_query=Pandas+full+course
Python,Python Full Course for Beginners,https://www.youtube.com/results?search_query=Python+full+course
Machine Learning,Machine Learning Full Course for Beginners,https://www.youtube.com/results?search_query=Machine+Learning+full+course
Deep Learning,Deep Learning Full Course for Beginners,https://www.youtube.com/results?search_query=Deep+Learning+full+course
TensorFlow,TensorFlow Full Course for Beginners,https://www.youtube.com/results?search_query=TensorFlow+full+course
Keras,Keras Full Course for Beginners,https://www.youtube.com/results?search_query=Keras+full+course
Pytorch,Pytorch Full Course for Beginners,https://www.youtube.com/results?search_query=Pytorch+full+course
Python,Python Full Course for Beginners,https://www.youtube.com/results?search_query=Python+full+course
Machine Learning,Machine Learning Full Course for Beginners,https://www.youtube.com/results?search_query=Machine+Learning+full+course
Deep Learning,Deep Learning Full Course for Beginners,https://www.youtube.com/results?search_query=Deep+Learning+full+course
TensorFlow,TensorFlow Full Course for Beginners,https://www.youtube.com/results?search_query=TensorFlow+full+course
Keras,Keras Full Course for Beginners,https://www.youtube.com/results?search_query=Keras+full+course
NLP,NLP Full Course for Beginners,https://www.youtube.com/results?search_query=NLP+full+course
Project Management,Project Management Full Course for Beginners,https://www.youtube.com/results?search_query=Project+Management+full+course
Agile,Agile Full Course for Beginners,https://www.youtube.com/results?search_query=Agile+full+course
Scrum,Scrum Full Course for Beginners,https://www.youtube.com/results?search_query=Scrum+full+course
Jira,Jira Full Course for Beginners,https://www.youtube.com/results?search_query=Jira+full+course
Team Leadership,Team Leadership Full Course for Beginners,https://www.youtube.com/results?search_query=Team+Leadership+full+course
CI/CD,CI/CD Full Course for Beginners,https://www.youtube.com/results?search_query=CI/CD+full+course
Docker,Docker Full Course for Beginners,https://www.youtube.com/results?search_query=Docker+full+course
Kubernetes,Kubernetes Full Course for Beginners,https://www.youtube.com/results?search_query=Kubernetes+full+course
AWS,AWS Full Course for Beginners,https://www.youtube.com/results?search_query=AWS+full+course
Azure,Azure Full Course for Beginners,https://www.youtube.com/results?search_query=Azure+full+course
Linux,Linux Full Course for Beginners,https://www.youtube.com/results?search_query=Linux+full+course
Terraform,Terraform Full Course for Beginners,https://www.youtube.com/results?search_query=Terraform+full+course
SQL,SQL Full Course for Beginners,https://www.youtube.com/results?search_query=SQL+full+course
Database Design,Database Design Full Course for Beginners,https://www.youtube.com/results?search_query=Database+Design+full+course
MySQL,MySQL Full Course for Beginners,https://www.youtube.com/results?search_query=MySQL+full+course
PostgreSQL,PostgreSQL Full Course for Beginners,https://www.youtube.com/results?search_query=PostgreSQL+full+course
Backup Management,Backup Management Full Course for Beginners,https://www.youtube.com/results?search_query=Backup+Management+full+course
Cybersecurity,Cybersecurity Full Course for Beginners,https://www.youtube.com/results?search_query=Cybersecurity+full+course
Penetration Testing,Penetration Testing Full Course for Beginners,https://www.youtube.com/results?search_query=Penetration+Testing+full+course
Firewalls,Firewalls Full Course for Beginners,https://www.youtube.com/results?search_query=Firewalls+full+course
AWS,AWS Full Course for Beginners,https://www.youtube.com/results?search_query=AWS+full+course
Encryption,Encryption Full Course for Beginners,https://www.youtube.com/results?search_query=Encryption+full+course
AWS,AWS Full Course for Beginners,https://www.youtube.com/results?search_query=AWS+full+course
Azure,Azure Full Course for Beginners,https://www.youtube.com/results?search_query=Azure+full+course
Google Cloud,Google Cloud Full Course for Beginners,https://www.youtube.com/results?search_query=Google+Cloud+full+course
DevOps,DevOps Full Course for Beginners,https://www.youtube.com/results?search_query=DevOps+full+course
CI/CD,CI/CD Full Course for Beginners,https://www.youtube.com/results?search_query=CI/CD+full+course
Linux,Linux Full Course for Beginners,https://www.youtube.com/results?search_query=Linux+full+course
C++,C++ Full Course for Beginners,https://www.youtube.com/results?search_query=C+++full+course
Unity,Unity Full Course for Beginners,https://www.youtube.com/results?search_query=Unity+full+course
Unreal Engine,Unreal Engine Full Course for Beginners,https://www.youtube.com/results?search_query=Unreal+Engine+full+course
Game Design,Game Design Full Course for Beginners,https://www.youtube.com/results?search_query=Game+Design+full+course
AI Programming,AI Programming Full Course for Beginners,https://www.youtube.com/results?search_query=AI+Programming+full+course
Android,Android Full Course for Beginners,https://www.youtube.com/results?search_query=Android+full+course
iOS,iOS Full Course for Beginners,https://www.youtube.com/results?search_query=iOS+full+course
React Native,React Native Full Course for Beginners,https://www.youtube.com/results?search_query=React+Native+full+course
Swift,Swift Full Course for Beginners,https://www.youtube.com/results?search_query=Swift+full+course
Kotlin,Kotlin Full Course for Beginners,https://www.youtube.com/results?search_query=Kotlin+full+course
Figma,Figma Full Course for Beginners,https://www.youtube.com/results?search_query=Figma+full+course
Sketch,Sketch Full Course for Beginners,https://www.youtube.com/results?search_query=Sketch+full+course
User Research,User Research Full Course for Beginners,https://www.youtube.com/results?search_query=User+Research+full+course
Wireframing,Wireframing Full Course for Beginners,https://www.youtube.com/results?search_query=Wireframing+full+course
Prototyping,Prototyping Full Course for Beginners,https://www.youtube.com/results?search_query=Prototyping+full+course
Test Automation,Test Automation Full Course for Beginners,https://www.youtube.com/results?search_query=Test+Automation+full+course
Selenium,Selenium Full Course for Beginners,https://www.youtube.com/results?search_query=Selenium+full+course
Manual Testing,Manual Testing Full Course for Beginners,https://www.youtube.com/results?search_query=Manual+Testing+full+course
Jira,Jira Full Course for Beginners,https://www.youtube.com/results?search_query=Jira+full+course
Blockchain,Blockchain Full Course for Beginners,https://www.youtube.com/results?search_query=Blockchain+full+course
Ethereum,Ethereum Full Course for Beginners,https://www.youtube.com/results?search_query=Ethereum+full+course
Smart Contracts,Smart Contracts Full Course for Beginners,https://www.youtube.com/results?search_query=Smart+Contracts+full+course
Solidity,Solidity Full Course for Beginners,https://www.youtube.com/results?search_query=Solidity+full+course
IT Strategy,IT Strategy Full Course for Beginners,https://www.youtube.com/results?search_query=IT+Strategy+full+course
Network Security,Network Security Full Course for Beginners,https://www.youtube.com/results?search_query=Network+Security+full+course
Infrastructure Management,Infrastructure Management Full Course for Beginners,https://www.youtube.com/results?search_query=Infrastructure+Management+full+course
SQL,SQL Full Course for Beginners,https://www.youtube.com/results?search_query=SQL+full+course
Excel,Excel Full Course for Beginners,https://www.youtube.com/results?search_query=Excel+full+course
Data Visualization,Data Visualization Full Course for Beginners,https://www.youtube.com/results?search_query=Data+Visualization+full+course
Pandas,Pandas Full Course for Beginners,https://www.youtube.com/results?search_query=Pandas+full+course
Power BI,Power BI Full Course for Beginners,https://www.youtube.com/results?search_query=Power+BI+full+course
Networking,Networking Full Course for Beginners,https://www.youtube.com/results?search_query=Networking+full+course
TCP/IP,TCP/IP Full Course for Beginners,https://www.youtube.com/results?search_query=TCP/IP+full+course
Routers,Routers Full Course for Beginners,https://www.youtube.com/results?search_query=Routers+full+course
Switches,Switches Full Course for Beginners,https://www.youtube.com/results?search_query=Switches+full+course
Firewalls,Firewalls Full Course for Beginners,https://www.youtube.com/results?search_query=Firewalls+full+course
Technical Writing,Technical Writing Full Course for Beginners,https://www.youtube.com/results?search_query=Technical+Writing+full+course
Documentation,Documentation Full Course for Beginners,https://www.youtube.com/results?search_query=Documentation+full+course
API Documentation,API Documentation Full Course for Beginners,https://www.youtube.com/results?search_query=API+Documentation+full+course
Business Analysis,Business Analysis Full Course for Beginners,https://www.youtube.com/results?search_query=Business+Analysis+full+course
Data Analysis,Data Analysis Full Course for Beginners,https://www.youtube.com/results?search_query=Data+Analysis+full+course
Jira,Jira Full Course for Beginners,https://www.youtube.com/results?search_query=Jira+full+course
Agile,Agile Full Course for Beginners,https://www.youtube.com/results?search_query=Agile+full+course
Product Management,Product Management Full Course for Beginners,https://www.youtube.com/results?search_query=Product+Management+full+course
Agile,Agile Full Course for Beginners,https://www.youtube.com/results?search_query=Agile+full+course
Scrum,Scrum Full Course for Beginners,https://www.youtube.com/results?search_query=Scrum+full+course
Roadmaps,Roadmaps Full Course for Beginners,https://www.youtube.com/results?search_query=Roadmaps+full+course
Java,Java Full Course for Beginners,https://www.youtube.com/results?search_query=Java+full+course
Spring Boot,Spring Boot Full Course for Beginners,https://www.youtube.com/results?search_query=Spring+Boot+full+course
Hibernate,Hibernate Full Course for Beginners,https://www.youtube.com/results?search_query=Hibernate+full+course
SQL,SQL Full Course for Beginners,https://www.youtube.com/results?search_query=SQL+full+course
JPA,JPA Full Course for Beginners,https://www.youtube.com/results?search_query=JPA+full+course
RESTful APIs,RESTful APIs Full Course for Beginners,https://www.youtube.com/results?search_query=RESTful+APIs+full+course
AWS,AWS Full Course for Beginners,https://www.youtube.com/results?search_query=AWS+full+course
Docker,Docker Full Course for Beginners,https://www.youtube.com/results?search_query=Docker+full+course
CI/CD,CI/CD Full Course for Beginners,https://www.youtube.com/results?search_query=CI/CD+full+course
Python,Python Full Course for Beginners,https://www.youtube.com/results?search_query=Python+full+course
Django,Django Full Course for Beginners,https://www.youtube.com/results?search_query=Django+full+course
RESTful APIs,RESTful APIs Full Course for Beginners,https://www.youtube.com/results?search_query=RESTful+APIs+full+course
PostgreSQL,PostgreSQL Full Course for Beginners,https://www.youtube.com/results?search_query=PostgreSQL+full+course
MySQL,MySQL Full Course for Beginners,https://www.youtube.com/results?search_query=MySQL+full+course
Git,Git Full Course for Beginners,https://www.youtube.com/results?search_query=Git+full+course
Docker,Docker Full Course for Beginners,https://www.youtube.com/results?search_query=Docker+full+course
AWS,AWS Full Course for Beginners,https://www.youtube.com/results?search_query=AWS+full+course
Celery,Celery Full Course for Beginners,https://www.youtube.com/results?search_query=Celery+full+course
Gunicorn,Gunicorn Full Course for Beginners,https://www.youtube.com/results?search_query=Gunicorn+full+course
Python,Python Full Course for Beginners,https://www.youtube.com/results?search_query=Python+full+course
Flask,Flask Full Course for Beginners,https://www.youtube.com/results?search_query=Flask+full+course
SQLAlchemy,SQLAlchemy Full Course for Beginners,https://www.youtube.com/results?search_query=SQLAlchemy+full+course
PostgreSQL,PostgreSQL Full Course for Beginners,https://www.youtube.com/results?search_query=PostgreSQL+full+course
MySQL,MySQL Full Course for Beginners,https://www.youtube.com/results?search_query=MySQL+full+course
Jinja2,Jinja2 Full Course for Beginners,https://www.youtube.com/results?search_query=Jinja2+full+course
Git,Git Full Course for Beginners,https://www.youtube.com/results?search_query=Git+full+course
Docker,Docker Full Course for Beginners,https://www.youtube.com/results?search_query=Docker+full+course
AWS,AWS Full Course for Beginners,https://www.youtube.com/results?search_query=AWS+full+course
Go,Go Full Course for Beginners,https://www.youtube.com/results?search_query=Go+full+course
Golang,Golang Full Course for Beginners,https://www.youtube.com/results?search_query=Golang+full+course
RESTful APIs,RESTful APIs Full Course for Beginners,https://www.youtube.com/results?search_query=RESTful+APIs+full+course
Docker,Docker Full Course for Beginners,https://www.youtube.com/results?search_query=Docker+full+course
Kubernetes,Kubernetes Full Course for Beginners,https://www.youtube.com/results?search_query=Kubernetes+full+course
MySQL,MySQL Full Course for Beginners,https://www.youtube.com/results?search_query=MySQL+full+course
PostgreSQL,PostgreSQL Full Course for Beginners,https://www.youtube.com/results?search_query=PostgreSQL+full+course
Redis,Redis Full Course for Beginners,https://www.youtube.com/results?search_query=Redis+full+course
AWS,AWS Full Course for Beginners,https://www.youtube.com/results?search_query=AWS+full+course
